{"baseline": {"fpr": [0.0, 0.0, 0.0, 0.0, 0.0, 0.005235602094240838, 0.005235602094240838, 0.005235602094240838, 0.005235602094240838, 0.010471204188481676, 0.010471204188481676, 0.015706806282722512, 0.015706806282722512, 0.020942408376963352, 0.020942408376963352, 0.02617801047120419, 0.02617801047120419, 0.03664921465968586, 0.03664921465968586, 0.041884816753926704, 0.041884816753926704, 0.04712041884816754, 0.04712041884816754, 0.05759162303664921, 0.05759162303664921, 0.06282722513089005, 0.06282722513089005, 0.06806282722513089, 0.06806282722513089, 0.07329842931937172, 0.07329842931937172, 0.07853403141361257, 0.07853403141361257, 0.08900523560209424, 0.08900523560209424, 0.09424083769633508, 0.09424083769633508, 0.09947643979057591, 0.09947643979057591, 0.10471204188481675, 0.10471204188481675, 0.1099476439790576, 0.1099476439790576, 0.13089005235602094, 0.13089005235602094, 0.14136125654450263, 0.14136125654450263, 0.1518324607329843, 0.1518324607329843, 0.15706806282722513, 0.15706806282722513, 0.17277486910994763, 0.17277486910994763, 0.18848167539267016, 0.18848167539267016, 0.20418848167539266, 0.20418848167539266, 0.21465968586387435, 0.21465968586387435, 0.23036649214659685, 0.23036649214659685, 0.2356020942408377, 0.2356020942408377, 0.2774869109947644, 0.2774869109947644, 0.29842931937172773, 0.29842931937172773, 0.3089005235602094, 0.3089005235602094, 0.3612565445026178, 0.3717277486910995, 1.0], "tpr": [0.0, 0.004784688995215311, 0.23923444976076555, 0.2583732057416268, 0.37320574162679426, 0.37320574162679426, 0.430622009569378, 0.44019138755980863, 0.46411483253588515, 0.46411483253588515, 0.5023923444976076, 0.5023923444976076, 0.5167464114832536, 0.5167464114832536, 0.631578947368421, 0.631578947368421, 0.6507177033492823, 0.69377990430622, 0.7177033492822966, 0.7177033492822966, 0.722488038277512, 0.722488038277512, 0.7368421052631579, 0.7368421052631579, 0.7511961722488039, 0.7511961722488039, 0.7799043062200957, 0.7799043062200957, 0.784688995215311, 0.784688995215311, 0.7894736842105263, 0.7894736842105263, 0.7942583732057417, 0.7942583732057417, 0.8421052631578947, 0.8421052631578947, 0.861244019138756, 0.861244019138756, 0.8660287081339713, 0.8660287081339713, 0.8803827751196173, 0.8803827751196173, 0.9043062200956937, 0.9043062200956937, 0.9186602870813397, 0.9186602870813397, 0.9234449760765551, 0.9234449760765551, 0.9330143540669856, 0.9330143540669856, 0.937799043062201, 0.937799043062201, 0.9425837320574163, 0.9425837320574163, 0.9473684210526315, 0.9473684210526315, 0.9521531100478469, 0.9521531100478469, 0.9569377990430622, 0.9569377990430622, 0.9617224880382775, 0.9617224880382775, 0.9856459330143541, 0.9856459330143541, 0.9904306220095693, 0.9904306220095693, 0.9952153110047847, 0.9952153110047847, 1.0, 1.0, 1.0, 1.0]}, "ros": {"fpr": [0.0, 0.0, 0.0, 0.0, 0.0, 0.0, 0.0, 0.005235602094240838, 0.005235602094240838, 0.010471204188481676, 0.010471204188481676, 0.010471204188481676, 0.010471204188481676, 0.015706806282722512, 0.020942408376963352, 0.020942408376963352, 0.02617801047120419, 0.02617801047120419, 0.031413612565445025, 0.031413612565445025, 0.03664921465968586, 0.03664921465968586, 0.041884816753926704, 0.041884816753926704, 0.04712041884816754, 0.04712041884816754, 0.06282722513089005, 0.06282722513089005, 0.06806282722513089, 0.06806282722513089, 0.07329842931937172, 0.07329842931937172, 0.08376963350785341, 0.08376963350785341, 0.08900523560209424, 0.08900523560209424, 0.09947643979057591, 0.09947643979057591, 0.10471204188481675, 0.10471204188481675, 0.12041884816753927, 0.12041884816753927, 0.1256544502617801, 0.1256544502617801, 0.13089005235602094, 0.13089005235602094, 0.13612565445026178, 0.13612565445026178, 0.15706806282722513, 0.15706806282722513, 0.16230366492146597, 0.16230366492146597, 0.16753926701570682, 0.16753926701570682, 0.17801047120418848, 0.17801047120418848, 0.18848167539267016, 0.18848167539267016, 0.2198952879581152, 0.2198952879581152, 0.23036649214659685, 0.23036649214659685, 0.24083769633507854, 0.24083769633507854, 0.27225130890052357, 0.27225130890052357, 0.28272251308900526, 0.28272251308900526, 0.3717277486910995, 0.38219895287958117, 1.0], "tpr": [0.0, 0.004784688995215311, 0.20574162679425836, 0.215311004784689, 0.23923444976076555, 0.24880382775119617, 0.3827751196172249, 0.3827751196172249, 0.430622009569378, 0.430622009569378, 0.45933014354066987, 0.4688995215311005, 0.6363636363636364, 0.6363636363636364, 0.6842105263157895, 0.69377990430622, 0.69377990430622, 0.7081339712918661, 0.7081339712918661, 0.722488038277512, 0.722488038277512, 0.7368421052631579, 0.7368421052631579, 0.7703349282296651, 0.7703349282296651, 0.7751196172248804, 0.7751196172248804, 0.7799043062200957, 0.7799043062200957, 0.7894736842105263, 0.7894736842105263, 0.7990430622009569, 0.7990430622009569, 0.8229665071770335, 0.8229665071770335, 0.861244019138756, 0.861244019138756, 0.8660287081339713, 0.8660287081339713, 0.8803827751196173, 0.8803827751196173, 0.8995215311004785, 0.8995215311004785, 0.9090909090909091, 0.9090909090909091, 0.9234449760765551, 0.9234449760765551, 0.9282296650717703, 0.9282296650717703, 0.9330143540669856, 0.9330143540669856, 0.937799043062201, 0.937799043062201, 0.9425837320574163, 0.9425837320574163, 0.9569377990430622, 0.9569377990430622, 0.9665071770334929, 0.9665071770334929, 0.9712918660287081, 0.9712918660287081, 0.9760765550239234, 0.9760765550239234, 0.9808612440191388, 0.9808612440191388, 0.9952153110047847, 0.9952153110047847, 1.0, 1.0, 1.0, 1.0]}}